Product (do not edit),Product code / SKU,IS standard & Type,Appearance,"Coverage (area per bag, at what thickness)",Mixing ratio (water),Pot life,Open time,Adjustability time,Bond strength (value & age),Compressive strength (value & age),Application thickness,Drying / curing time,Pack sizes (all you sell),Shelf life,Official brand name (if different),Notes / anything else to show
EXAMPLE - delete this row,ZTA-101,IS 15477 : 2019 - Type 1,Grey free-flowing powder,30-35 sq ft per 20 kg bag at 3 mm,26-28% water by weight of powder,2-3 hours,20-30 minutes,Up to 20 minutes,Greater than or equal to 0.5 N/mm2 at 28 days,Not applicable,3-5 mm,24 hours before grouting,"20 kg bag, 40 kg bag",6 months from manufacture in sealed bags,Zenova FixTile 101,Leave any column blank if not applicable
Tile Adhesive - Grey Type 1,,,,,,,,,,,,,,,,
Tile Adhesive - Grey Type 2,,,,,,,,,,,,,,,,
Tile Adhesive - Grey Type 3,,,,,,,,,,,,,,,,
Tile Adhesive - Grey Type 4,,,,,,,,,,,,,,,,
Tile Adhesive - White Type 1,,,,,,,,,,,,,,,,
Tile Adhesive - White Type 2,,,,,,,,,,,,,,,,
Tile Adhesive - White Type 3,,,,,,,,,,,,,,,,
Tile Adhesive - White Type 4,,,,,,,,,,,,,,,,
Block Jointing Mortar,,,,,,,,,,,,,,,,
Ready Mix Plaster,,,,,,,,,,,,,,,,
Basic Wall Putty,,,,,,,,,,,,,,,,
Micro Concrete,,,,,,,,,,,,,,,,
Grouts,,,,,,,,,,,,,,,,
Liquid Construction Chemicals,,,,,,,,,,,,,,,,
